Internal Code,Chemical Name,CAS Number,LC50 (mg/L),Chronic Data,Aquatic Acute Category,Aquatic Chronic Category,M-Factor,Notes
501,Toluene,108-88-3,5.5,Not rapidly degradable; log Kow = 2.73,Not classified (LC50  1),Chronic 2,,Toxic with long-lasting effects 
502,Xylene (mixed isomers),1330-20-7,3.3,Not rapidly degradable; log Kow = 3.12,Not classified (LC50  1),Chronic 2,,Bioaccumulative and toxic 
503,Butyl Acetate,123-86-4,18,Readily biodegradable,Not classified,Not classified,,Low hazard (minimalbioaccumulation)
504,Ethylene Glycol Monoethyl Ether Acetate,111-15-9,130,Readily biodegradable,Not classified,Not classified,,Low aquatic toxicity 
505,Ethyl Acetate,141-78-6,230,Readily biodegradable,Not classified,Not classified,,Low hazard to aquatic life 
506,Propylene Glycol Monomethyl Ether Acetate,108-65-6,161,Readily biodegradable,Not classified,Not classified,,Low environmental concern 
507,Iso Butyl Acetate,110-19-0,18,Readily biodegradable,Not classified,Not classified,,Low hazard (no chronic effects expected)
508,Methyl Ethyl Ketone (MEK),78-93-3,2993,Readily biodegradable,Not classified,Not classified,,Low toxicity (no long-term effects)
509,Methyl Isobutyl Ketone,108-10-1,505,Not readily biodegradable; log Kow = 1.31,Not classified,Chronic 3,,Moderate chronic hazard 
510,Ethyl 3-Ethoxypropionate,763-69-9,37,Readily biodegradable,Not classified,Not classified,,Low environmental hazard 
511,Ethylene Glycol Butyl Ether Acetate,112-07-2,18,Readily biodegradable,Not classified,Not classified,,Low toxicity to aquatic life 
512,Diacetone Alcohol,123-42-2,420,Readily biodegradable,Not classified,Not classified,,Low aquatic concern 
513,n-Butanol,71-36-3,1376,Readily biodegradable,Not classified,Not classified,,Low chronic and acute toxicity 
514,B-Carbitol (Diethylene Glycol Monobutyl Ether),112-34-5,1300,Readily biodegradable,Not classified,Not classified,,Low aquatic toxicity
515,Butyl Cellosolve (2-Butoxyethanol),111-76-2,1490,Readily biodegradable,Not classified,Not classified,,Low toxicity to aquatic organisms
516,Acetone,67-64-1,8120,Readily biodegradable,Not classified,Not classified,,Low toxicity 
517,Isopropyl Alcohol (IPA),67-63-0,9640,Readily biodegradable,Not classified,Not classified,,Very low toxicity to aquatic life
518,Propylene Glycol Monomethyl Ether (PM),107-98-2,6810,Readily biodegradable,Not classified,Not classified,,Low environmental hazard
520,Isobutanol,78-83-1,1430,Readily biodegradable,Not classified,Not classified,,Low toxicity to aquatic organisms
522,Methanol,67-56-1,15400,Readily biodegradable,Not classified,Not classified,,Low hazard 
523,Dimethylformamide (DMF),68-12-2,7100,Readily biodegradable,Not classified,Not classified,,Low aquatic hazard 
525,IBIB (Isobutyl Isobutyrate),97-85-8,21,Readily biodegradable,Not classified,Not classified,,Low environmental hazard 
527,Methylene Chloride (MC),75-09-2,193,Readily biodegradable,Not classified,Not classified,,Low hazard (not persistent)
528,Hexane,110-54-3,2.5,Not readily biodegradable; log Kow = 3.9,Not classified (LC50  1),Chronic 2,,Potential bioaccumulation and persistence 
529,Ethylene Glycol Monoethyl Ether (EGME),110-80-5,1140,Readily biodegradable,Not classified,Not classified,,Low toxicity (no chronic hazard expected)
531,Trichloroethylene (TCE),79-01-6,40.7,Not readily biodegradable; log Kow = 2.42,Not classified,Chronic 2,,Persistent and toxic to aquatic life with long-lasting effects 
534,Cyclohexanone,108-94-1,527,Readily biodegradable,Not classified,Not classified,,Low aquatic toxicity 
535,Isophorone,78-59-1,14,Not readily biodegradable; log Kow = 2.66,Not classified,Chronic 2,,Toxic to aquatic life with long-lasting effects 
537,N-Propanol,71-23-8,4480,Readily biodegradable,Not classified,Not classified,,Low toxicity to aquatic organisms 
541,N-Methyl-2-pyrrolidone (NMP),872-50-4,8320,Readily biodegradable,Not classified,Not classified,,Low toxicity (minimal environmental concern)
542,Texanol,25265-77-4,32,Readily biodegradable,Not classified,Not classified,,Low hazard (not bioaccumulative)
543,Propylene Glycol,57-55-6,51600,Readily biodegradable,Not classified,Not classified,,Very low toxicity to aquatic organisms 
545,Diisobutyl Ketone (DIBK),108-83-8,36,Readily biodegradable,Not classified,Not classified,,Low aquatic toxicity (not bioaccumulative)
546,n-Heptane,142-82-5,1.3,Not readily biodegradable; log Kow = 4.66,Acute 1,Chronic 1,1,Highly toxic to aquatic life with long-lasting effects 
548,Ethylene Glycol,107-21-1,72860,Readily biodegradable,Not classified,Not classified,,Very low toxicity to aquatic life 
549,Diethyl Ether,60-29-7,2560,Readily biodegradable,Not classified,Not classified,,Low hazard (volatile and degradable)
551,Methylene Chloride,75-09-2,193,Readily biodegradable,Not classified,Not classified,,Low hazard (not persistent)
552,Isopropyl Acetate,108-21-4,250,Readily biodegradable,Not classified,Not classified,,Low environmental toxicity 
556,Benzyl Alcohol,100-51-6,10,Readily biodegradable,Not classified,Chronic 3,,Moderate chronic toxicity despite low acute effects 
558,Methyl 2-hydroxyisobutyrate (2-Hydroxy Isobutyric Acid Methyl Ester),5655-61-8,100,Likely biodegradable (limited data),Not classified,Not classified,,Low hazard based on structure and analogs 
559,Ethyl Lactate,97-64-3,320,Readily biodegradable,Not classified,Not classified,,Low environmental risk 
560,Ethylene Glycol Ethyl Ether (EGEE),110-80-5,1140,Readily biodegradable,Not classified,Not classified,,Low aquatic toxicity 
561,Propylene Glycol Propyl Ether (PGPE),1569-01-3,560,Readily biodegradable,Not classified,Not classified,,Low hazard to aquatic organisms 
563,Dipropylene Glycol Methyl Ether (DPM),34590-94-8,1194,Readily biodegradable,Not classified,Not classified,,Very low toxicity to aquatic life 
564,Methyl Carbitol (2-(2-Methoxyethoxy)ethanol),111-77-3,6020,Readily biodegradable,Not classified,Not classified,,Low toxicity to aquatic life 
565,Ethyl Diglycol (2-(2-Ethoxyethoxy)ethanol),111-90-0,7520,Readily biodegradable,Not classified,Not classified,,Very low aquatic toxicity 
566,Propyl Carbitol (2-(2-Propoxyethoxy)ethanol),6881-94-3,100,Readily biodegradable (based on analogs),Not classified,Not classified,,Low hazard (limited direct data)
567,Ethyl Diglycol Acetate,111-15-9,130,Readily biodegradable,Not classified,Not classified,,Low aquatic hazard 
568,Methyl Cyclohexane,108-87-2,2.9,Not readily biodegradable; log Kow = 3.61,Not classified (LC50  1),Chronic 2,,Toxic to aquatic life with long-lasting effects 
571,n-Heptane,142-82-5,1.3,Not readily biodegradable; log Kow = 4.66,Acute 1,Chronic 1,1,Highly toxic to aquatic life with long-lasting effects 
610,Texanol,25265-77-4,32,Readily biodegradable,Not classified,Not classified,,Low hazard (not bioaccumulative)
718,Dipropylene Glycol n-Butyl Ether (DPNB),29911-28-2,841,Readily biodegradable,Not classified,Not classified,,Low aquatic toxicity (minimal environmental concern)
AD160,BYK-342,34590-94-8/556-67-2,No data availabe,No data availabe,Not classified,Not classified,,No data availabe
AD385,DISPARLON 1933,108-10-1/1330-20-7/100-41-4,Not specified,Not specified,Acute Category 2-3 (Harmful),Chronic Category 2-3 (Harmful),,Water Hazard Class 3; Fish toxicity indicated
RN2760,SETALUX 1152 S5-51,1330-20-7/128601-23-0,Not specified,Not specified,Not classified,Not classified,,Harmful to aquatic life. Harmful to aquatic life with long lasting effects.
RN1777,ACRYDIC WXU-880,108-10-1/108-88-3,Not specified,Not specified,Not classified,Not classified,,Harmful to aquatic life. Harmful to aquatic life with long lasting effects.
