Internal Code,No.,Chemical Name,Cas No.,Flash Point,Boiling Point
501,1,Toluene,108-88-3,4.4,110.6
502,2,Xylene,1330-20-7,25,139
503,3,Butyl Acetate,123-86-4,22,126
504,4,Ethylene Glycol Monoethyl Ether Acetate,111-15-9,55,156
505,5,Ethyl Acetate,141-78-6,-4,77.1
506,6,Propylene Glycol Monomethyl Ether Acetate,108-65-6,47,146
507,7,Iso Butyl Acetate,110-19-0,16,118
508,8,Methyl Ethyl Ketone (MEK),78-93-3,-6,79.6
509,9,Methyl Isobutyl Ketone,108-10-1,14,116.5
510,10,Ethyl 3-Ethoxypropionate,763-69-9,49,156
511,11,Ethylene Glycol Butyl Ether Acetate,112-07-2,72,192
512,12,Diacetone Alcohol,123-42-2,49,168.5
513,13,n-Butanol,71-36-3,35,117
514,14,B-Carbitol,112-34-5,78,230
515,15,Butyl Cellosolve,111-76-2,63,171
516,16,Acetone,67-64-1,-20,56
517,17,Isopropyl Alcohol (IPA),67-63-0,12,82
518,18,Propylene Glycol Monomethyl Ether (PM),107-98-2,31,120
519,19,"ABS (Acrylonitrile Butadiene Styrene), 95%",Mixture,,
520,20,Isobutanol,78-83-1,28,108
521,21,Pegasol 150,Mixture,65,190
522,22,Methanol,67-56-1,11,64
523,23,Dimethylformamide (DMF),68-12-2,58,153.5
524,24,BGA (Ball Grid Array Flux Component),Mixture,,
525,25,IBIB (Isobutyl Isobutyrate),97-85-8,57,181
526,26,Pegasol 3040,Mixture,70,200
527,27,Methylene Chloride (MC),75-09-2,,39.6
528,28,Hexane,110-54-3,-22,69
529,29,Ethylene Glycol Monoethyl Ether (EGME),110-80-5,49,135
530,30,P-100 (Paraffinic solvent),Mixture,65,200
531,31,Trichloroethylene (TCE),79-01-6,32,87.2
532,32,P-1425 (Paraffinic solvent),Mixture,70,220
533,33,"ABS (Acrylonitrile Butadiene Styrene), 99.8%",Mixture,,
534,34,Cyclohexanone,108-94-1,44,155
535,35,Isophorone,78-59-1,62,215
536,36,Light Alcohol,Mixture,30,100
537,37,N-Propanol,71-23-8,23,97
538,38,R-102 (Aliphatic Hydrocarbon),Mixture,65,180
539,39,Heavy Alcohol,Mixture,70,200
540,40,Mallin 99.8%,Mixture,70,190
541,41,N-Methyl-2-pyrrolidone (NMP),872-50-4,91,202
542,42,Texanol,25265-77-4,77,254
543,43,Propylene Glycol,57-55-6,,187
544,44,SHIPSHAPE (Cleaning Agent),Mixture,60,180
545,45,DIBK (Diisobutyl Ketone),108-83-8,49,168.5
546,46,Heptane (n-Heptane),142-82-5,-4,98.4
547,47,EXXOL D60S,Mixture,60,200
548,48,Ethylene Glycol,107-21-1,111,197
550,49,Diethyl Ether,60-29-7,-45,34
551,50,Methylene Chloride,75-09-2,,39.6
552,51,Isopropyl Acetate,108-21-4,2,89
556,52,Benzyl Alcohol,100-51-6,93,205
557,53,DSP 80/100 (Hydrocarbon Solvent),Mixture,65,180
558,54,2-Hydroxy Isobutyric Acid Methyl Ester (Methyl 2-hydroxyisobutyrate),5655-61-8,80,200
559,55,Ethyl Lactate,97-64-3,46,154
560,56,Ethylene Glycol Ethyl Ether (EGEE),110-80-5,49,135
561,57,Propylene Glycol Propyl Ether (PGPE),1569-01-3,47,149
563,58,Dipropylene Glycol Methyl Ether (DPM),34590-94-8,75,189
564,59,Methyl Carbitol (2-(2-Methoxyethoxy)ethanol),111-77-3,96,194
565,60,Ethyl Diglycol (2-(2-Ethoxyethoxy)ethanol),111-90-0,96,202
566,61,Propyl Carbitol (2-(2-Propoxyethoxy)ethanol),6881-94-3,104,229
567,62,Ethyl Diglycol Acetate,111-15-9,93,220
568,63,Methyl Cyclohexane,108-87-2,-3,101
571,64,N-Heptane,142-82-5,-4,98.4
610,65,Texanol,25265-77-4,77,254
717,66,"DBE (Dibasic Esters - Dimethyl adipate, glutarate, succinate)",1119-40-0 / 106-65-0 / 627-93-0,100,200
718,67,DPNB (Dipropylene Glycol n-Butyl Ether),29911-28-2,77,230
AD160,,BYK-342,34590-94-8/556-67-2,76,190
AD385,,DISPARLON 1933,108-10-1/1330-20-7/100-41-4,17,117
RN2760,,SETALUX 1152 S5-51,1330-20-7/128601-23-0,31,127
RN1777,,ACRYDIC WXU-880,108-10-1/108-88-3,6,146
