Internal Code,Chemical Name,CAS Number,Skin Corrosion/Irritation,Notes (Skin),Eye Damage/Irritation,Notes (Eye),Respiratory Sensitization,Notes (Resp. Sens),Skin Sensitization,Notes (Skin Sens),Germ Cell Mutagenicity,Notes (Mutagen),Carcinogenicity,Notes (Carcinogenic),Reproductive Toxicity,Notes (Reprotox),STOT - Single Exposure,Notes (STOT-SE),STOT - Repeated Exposure,Notes (STOT-RE),Aspiration Hazard,Notes (Aspiration)
501,Toluene,108-88-3,Category 2,Irritating to skin (in vivo rabbit),Category 2,Reversible eye irritation (rabbit),Not Classified,No respiratory sensitization reported,Not Classified,Negative in skin sensitization tests,Not Classified,Negative in Ames and chromosomal tests,Not Classified,Not listed as carcinogenic by IARC/ECHA,Category 2,Suspected of damaging unborn child,Category 3,Causes CNS depression (drowsiness/dizziness),Category 2,CNS effects in repeated exposure studies,Category 1,May be fatal if swallowed and enters airways
502,Xylene,1330-20-7,Category 2,May cause skin irritation (rabbit),Category 2,Reversible eye irritation observed,Not Classified,No evidence in studies,Not Classified,No sensitisation observed,Not Classified,Negative genotoxicity studies,Category 2,Suspected carcinogen (IARC 2B),Category 2,May impair fertility and fetal development,Category 3,Narcotic effects (drowsiness),Category 2,Affects liver and kidneys in chronic studies,Category 1,May be fatal if swallowed and enters airways
503,Butyl Acetate,123-86-4,Not Classified,No significant irritation in studies,Not Classified,Mild reversible effects,Not Classified,No sensitizing effects,Not Classified,No sensitizing effects,Not Classified,Negative genotoxicity,Not Classified,Not carcinogenic,Not Classified,No reproductive effects found,Category 3,May cause drowsiness or dizziness,Not Classified,No long-term organ damage,Not Classified,Not classified
504,Ethylene Glycol Monoethyl Ether Acetate,111-15-9,Not Classified,No corrosive/irritant effects observed,Not Classified,Mild eye irritation,Not Classified,No data suggesting sensitization,Not Classified,No data on skin sensitization,Not Classified,Negative mutagenicity,Not Classified,No carcinogenicity evidence,Category 2,May cause developmental effects,Category 3,Some narcotic-like CNS effects reported,Category 2,Repeated exposure affects blood/hematopoietic system,Not Classified,No aspiration classification
505,Ethyl Acetate,141-78-6,Not Classified,No significant skin effects in animal tests,Category 2,Causes eye irritation in rabbits,Not Classified,No evidence of respiratory sensitization,Not Classified,No sensitizing effects observed,Not Classified,Negative in in vitro/in vivo tests,Not Classified,No evidence of carcinogenicity,Not Classified,No adverse effects on fertility/development,Category 3,May cause drowsiness or dizziness,Not Classified,No chronic systemic toxicity observed,Not Classified,Low viscosity; no aspiration classification
506,Propylene Glycol Monomethyl Ether Acetate,108-65-6,Not Classified,No irritation or corrosion in animal studies,Not Classified,No eye damage or irritation,Not Classified,No respiratory sensitization data,Not Classified,Not sensitizing in guinea pig tests,Not Classified,No mutagenic effects in standard assays,Not Classified,No evidence of carcinogenicity,Not Classified,No reproductive toxicity observed,Category 3,Transient CNS effects (drowsiness),Not Classified,No significant target organ toxicity in repeat studies,Not Classified,Not considered an aspiration hazard
507,Iso Butyl Acetate,110-19-0,Not Classified,No corrosive or irritant effects in dermal studies,Not Classified,Minimal reversible eye irritation,Not Classified,No respiratory sensitization data available,Not Classified,No sensitization in animal models,Not Classified,Negative in bacterial reverse mutation test,Not Classified,No evidence of carcinogenicity in studies,Not Classified,No significant reproductive toxicity reported,Category 3,Narcotic effects observed in animal studies,Not Classified,No adverse effects in repeated dose toxicity,Not Classified,No aspiration hazard identified
508,Methyl Ethyl Ketone (MEK),78-93-3,Not Classified,No evidence of skin corrosion or irritation,Category 2,Eye irritation observed in rabbits,Not Classified,No respiratory sensitization,Not Classified,No sensitization in guinea pig test,Not Classified,Negative in Ames and chromosome aberration tests,Not Classified,No carcinogenicity observed,Not Classified,No reproductive effects,Category 3,May cause drowsiness or dizziness,Not Classified,No systemic target organ effects,Not Classified,Not considered an aspiration hazard
509,Methyl Isobutyl Ketone,108-10-1,Category 2,Causes skin irritation,Category 2,Eye irritation ,Not Classified,No data,Not Classified,No data,Not Classified,No harmonised classification,Category 2,Suspected of causing cancer ,Category 2,Suspected of damaging fertility (H361f),Category 3,May cause drowsiness or dizziness ,Not Classified,No data,Not Classified,No harmonised classification
510,Ethyl 3-Ethoxypropionate,763-69-9,Not Classified,Minimal irritation in rabbits,Not Classified,No significant eye irritation reported,Not Classified,No data available,Not Classified,No sensitization data found,Not Classified,Negative in bacterial mutation assays,Not Classified,No carcinogenic effects reported,Not Classified,No reproductive toxicity reported,Category 3,Transient CNS effects at high doses,Not Classified,No observed adverse effects in repeat studies,Not Classified,No aspiration concern noted
511,Ethylene Glycol Butyl Ether Acetate,112-07-2,Category 2,Moderate skin irritation in rabbits,Category 2,Eye irritation reported in animal studies,Not Classified,No data available,Not Classified,No sensitization data found,Not Classified,Negative in genotoxicity studies,Not Classified,No evidence of carcinogenicity,Category 2,Developmental toxicity in rats,Category 3,Transient CNS effects at high exposure,Not Classified,No significant organ effects in repeat studies,Not Classified,No aspiration hazard classification
512,Diacetone Alcohol,123-42-2,Not Classified,Mild skin irritation observed,Not Classified,Reversible irritation only,Not Classified,No evidence of respiratory sensitization,Not Classified,No skin sensitization data found,Not Classified,Negative genotoxicity results,Not Classified,Not carcinogenic in limited studies,Not Classified,No reproductive effects observed,Category 3,May cause drowsiness or dizziness,Not Classified,No target organ effects in repeated dose studies,Not Classified,Not classified as aspiration hazard
513,n-Butanol,71-36-3,Category 2,Produces reversible skin irritation in animals,Category 2,Causes eye irritation,Not Classified,No evidence of respiratory sensitization,Not Classified,No sensitization observed in guinea pigs,Not Classified,Negative in mutagenicity assays,Not Classified,No carcinogenicity data,Not Classified,No adverse reproductive outcomes,Category 3,Narcotic effects (CNS depression),Category 2,Liver and kidney effects in long-term studies,Not Classified,Not an aspiration hazard
514,B-Carbitol,112-34-5,Category 2,Moderate irritation in dermal studies,Category 2,Causes eye irritation,Not Classified,No data available,Not Classified,No sensitization studies available,Not Classified,Negative results in mutagenicity tests,Not Classified,No carcinogenic evidence,Not Classified,No reproductive toxicity in studies,Category 3,CNS effects observed at high doses,Not Classified,No long-term organ effects identified,Not Classified,Not considered aspiration hazard
515,Butyl Cellosolve,111-76-2,Category 2,Irritant to skin in animals,Category 2,Eye irritation noted in rabbits,Not Classified,No respiratory sensitization,Not Classified,No sensitization observed,Not Classified,No mutagenic activity observed,Not Classified,No cancer evidence from animal data,Category 2,Reproductive effects observed in animal studies,Category 3,CNS effects reported with high exposure,Category 2,Blood effects in long-term exposure,Not Classified,Not classified for aspiration
516,Acetone,67-64-1,Not Classified,Minimal skin irritation,Category 2,Mild eye irritation,Not Classified,No data for respiratory sensitization,Not Classified,No sensitization observed,Not Classified,Negative in mutagenicity assays,Not Classified,No cancer evidence,Not Classified,No reproductive toxicity,Category 3,May cause drowsiness/dizziness,Not Classified,No significant repeated dose effects,Not Classified,Low aspiration risk
517,Isopropyl Alcohol (IPA),67-63-0,Not Classified,No significant skin irritation,Category 2,Causes eye irritation in animals,Not Classified,No evidence of respiratory sensitization,Not Classified,No sensitization in guinea pigs,Not Classified,Negative in genotoxicity tests,Not Classified,No carcinogenicity found,Not Classified,No reproductive toxicity reported,Category 3,May cause drowsiness or dizziness,Not Classified,No chronic systemic toxicity in animal studies,Not Classified,Not classified for aspiration
518,Propylene Glycol Monomethyl Ether (PM),107-98-2,Not Classified,No significant irritation observed,Not Classified,Minimal transient eye effects,Not Classified,No evidence for respiratory sensitization,Not Classified,Not sensitizing in skin studies,Not Classified,Negative mutagenicity results,Not Classified,No carcinogenic potential reported,Not Classified,No reproductive toxicity data of concern,Category 3,May cause dizziness and CNS effects,Not Classified,No adverse effects in repeat exposure studies,Not Classified,Not classified for aspiration hazard
520,Isobutanol,78-83-1,Category 2,Moderate skin irritation observed,Category 2,Causes serious eye damage,Not Classified,No respiratory sensitization data,Not Classified,No skin sensitization reported,Not Classified,Negative mutagenicity tests,Not Classified,No evidence of carcinogenicity,Not Classified,No reproductive toxicity reported,Category 3,May cause drowsiness or dizziness,Not Classified,No chronic organ toxicity,Not Classified,Not classified for aspiration
522,Methanol,67-56-1,Not Classified,No corrosive/irritant effects,Category 2,Causes serious eye irritation,Not Classified,No respiratory sensitization data,Not Classified,No skin sensitization reported,Not Classified,Negative genotoxicity tests,Not Classified,No evidence of carcinogenicity,Category 2,Reproductive and developmental toxicity,Category 3,May cause drowsiness or dizziness,Category 2,Organ damage (optic nerves CNS) from repeated exposure,Not Classified ,Not an aspiration hazard
523,Dimethylformamide,68-12-2,Category 2,Moderate skin irritation,Category 2,Causes eye irritation,Not Classified,No respiratory sensitization data,Not Classified,No skin sensitization data,Not Classified,Negative mutagenicity tests,Category 2,May cause cancer (EU harmonised),Category 1A,Reproductive toxicity (developmental effects),Category 3,May cause drowsiness or dizziness,Category 2,Organ damage (liver and  kidneys) with repeated exposure,Not Classified ,Not an aspiration hazard
525,Isobutyl Isobutyrate,97-85-8,Not Classified,No harmonised classification,Not Classified,No harmonised classification,Not Classified,No data,Not Classified,No data,Not Classified,No data,Not Classified,No data,Not Classified,No data,Category 3,May cause drowsiness or dizziness ,Not Classified,No data,Category 1,May be fatal if swallowed and enters airways
527,Methylene Chloride,75-09-2,Not Classified,No harmonised classification,Category 2,Eye irritation ,Not Classified,No classification,Not Classified,No classification,Not Classified,No harmonised classification,Category 1B,Presumed human carcinogen ,Not Classified,No harmonised classification,Category 3,May cause drowsiness or dizziness ,Category 2,May cause damage to organs through prolonged or repeated exposure (H373),Not Classified,No aspiration classification
528,Hexane (n-Hexane),110-54-3,Not Classified,No harmonised classification,Not Classified,No harmonised classification,Not Classified,No data,Not Classified,No data,Category 2,Suspected of causing genetic defects ,Not Classified,No harmonised classification,Category 2,Suspected of damaging fertility or the unborn child (H361f),Category 3,May cause drowsiness or dizziness ,Category 2,May cause damage to organs through prolonged or repeated exposure (H373),Category 1,May be fatal if swallowed and enters airways
529,Ethylene Glycol Monoethyl Ether (EGME),110-80-5,Not Classified,No harmonised classification,Category 2,Eye irritation ,Not Classified,No data,Not Classified,No data,Category 2,Suspected of causing genetic defects ,Not Classified,No harmonised classification,Category 1B,May damage fertility or the unborn child (H360FD),Not Classified,No harmonised classification,Not Classified,No harmonised classification,Not Classified,No data
531,Trichloroethylene,79-01-6,Category 2,Irritant (OECD‑404 rabbit),Category 2,Serious eye irritant (consistent data),Not Classified,No respiratory sensitisation data,Category 1B,May cause allergic skin reaction,Category 2,Suspected mutagen ,Category 1B,H350 – suspected carcinogen (EU harmonised),Not Classified,Not classified for reproductive toxicity,Category 3,may cause drowsiness or dizziness,Not Classified,Not classified for repeated exposure,Not Classified,No aspiration hazard
534,Cyclohexanone,108-94-1,Category 2,Moderate skin irritation (animal tests),Category 2,Causes serious eye irritation,Not Classified,No sensitisation data,Not Classified,No skin sensitisation,Not Classified,No mutagenicity data,Not Classified,No carcinogenicity evidence,Not Classified,No reproductive toxicity observed,Not Classified,Not classified for single exposure,Not Classified,Not classified for repeated exposure,Not Classified,No aspiration hazard
535,Isophorone,78-59-1,Category 2,Irritant in skin studies,Category 2,Eye irritant,Not Classified,No data available,Not Classified,No skin sensitizer data,Not Classified,No indication of germ cell mutagenicity,Not Classified,No carcinogenic classification,Not Classified,No reproductive toxicity noted,Category 3,May cause drowsiness/dizziness,Category 2,Liver/kidney effects in repeated exposure,Not Classified,No aspiration hazard
537,N-Propanol,71-23-8,Category 2,Skin irritant per GHS data,Category 2,Eye irritant per EU CLP,Not Classified,No respiratory sensitization,Not Classified,No skin sensitization reported,Not Classified,Not mutagenic,Not Classified,Not carcinogenic,Not Classified,Not reproductive toxic,Category 3,Narcotic effects,Not Classified,No STOT-RE,Not Classified,No aspiration hazard
541,N-Methyl-2-pyrolidone (NMP),872-50-4,Category 2,Moderate skin irritation,Category 2,Eye irritant,Not Classified,Not respiratory sensitizer :contentReference[oaicite:1]{index=1},Not Classified,Not skin sensitizer,Not Classified,Not mutagenic,Not Classified,Not carcinogenic,Category 1B,H360D—may damage unborn child :contentReference[oaicite:2]{index=2},Category 3,May cause drowsiness/dizziness,Category 2,Liver/kidney effects from repeated exposure,Not Classified,No aspiration hazard
542,Texanol (TMPD monoisobutyrate),25265-77-4,Not Classified,No classification in ECHA; low irritation,Not Classified,Non-irritant per REACH data,Not Classified,No respiratory sensitization,Not Classified,No skin sensitization,Not Classified,Not mutagenic,Not Classified,Not carcinogenic,Not Classified,Not reprotoxic,Not Classified,No STOT-SE,Not Classified,No STOT-RE,Not Classified,No aspiration hazard
543,Propylene Glycol,57-55-6,Not Classified,Generally recognised non-irritant,Not Classified,Not classified for eyes,Not Classified,No respiratory sensitizer,Not Classified,No skin sensitization,Not Classified,No mutagenicity,Not Classified,No carcinogenicity,Not Classified,No reproductive toxicity,Not Classified,Not STOT-SE,Not Classified,Not STOT-RE,Not Classified,No aspiration hazard
545,Diisobutyl Ketone (DIBK),108-83-8,Category 2,Causes skin irritation,Category 2,Eye irritation ,Not Classified,No data,Not Classified,No data,Not Classified,No harmonised classification,Not Classified,No harmonised classification,Not Classified,No data,Category 3,May cause drowsiness or dizziness ,Not Classified,No data,Category 1,May be fatal if swallowed and enters airways
546,n-Heptane,142-82-5,Category 2,Causes skin irritation,Not Classified,No classification for eyes,Not Classified,No data,Not Classified,No data,Not Classified,No mutagenicity classification,Not Classified,Not classified,Not Classified,No data,Category 3,May cause drowsiness or dizziness ,Not Classified,No classification,Category 1,May be fatal if swallowed and enters airways
548,Ethylene Glycol,107-21-1,Not Classified,No harmonised classification,Category 2,Eye irritation ,Not Classified,No data,Not Classified,No data,Not Classified,No harmonised classification,Not Classified,No harmonised classification,Category 2,Suspected of damaging fertility or the unborn child (H361f),Category 1,May cause damage to organs (kidney) ,Category 2,May cause damage to organs through prolonged or repeated exposure (H373),Not Classified,No classification
550,Diethyl Ether,60-29-7,Not Classified,Minimal skin irritation reported,Category 2,Eye irritant evidence,Not Classified,No respiratory sensitization data,Not Classified,No skin sensitization data,Not Classified,Negative in genetic toxicity tests,Not Classified,No carcinogenic classification,Not Classified,No reproductive toxicity classification,Category 3,may cause drowsiness/dizziness,Category 2,Liver/hematological effects in repeated exposure studies,Category 1,May be fatal if aspirated
538,Methylene Chloride,75-09-2,Not Classified,No skin irritant effects reported,Category 2,Causes eye irritation,Harmonised,No data,Not Classified,No sensitization,Not Classified,Negative results,Category 1B,May cause cancer,Category 2,Suspected reproductive toxicant,Category 3,drowsiness/dizziness,Category 2,Organ toxicity from repeat exposure,Not Classified,Not classified
552,Isopropyl Acetate,108-21-4,Not Classified,Not classified for skin,Not Classified,Not classified for eyes,Not Classified,No data,Not Classified,No data,Not Classified,No data,Not Classified,No data,Not Classified,No data,Category 3,drowsiness/dizziness,Not Classified,No repeat effects,Not Classified,No aspiration hazard
556,Benzyl Alcohol,100-51-6,Not Classified,Not classified for skin,Category 2,Causes eye irritation,Not Classified,No data,Category 1,Skin sensitizer,Not Classified,Negative results,Not Classified,Not classified,Not Classified,No data,Not Classified,No effects,Not Classified,No data,Not Classified,No aspiration hazard
558,2-Hydroxy Isobutyric Acid Methyl Ester,5655-61-8,Not Classified,No harmonised classification,Not Classified,No harmonised classification,Not Classified,No data,Not Classified,No data,Not Classified,No data,Not Classified,No data,Not Classified,No data,Not Classified,No data,Not Classified,No data,Not Classified,No data
559,Ethyl Lactate,97-64-3,Not Classified,No skin irritation classification,Category 2,Eye irritation ,Not Classified,No data,Not Classified,No data,Not Classified,No classification,Not Classified,Not classified,Not Classified,No classification,Category 3,May cause drowsiness or dizziness ,Not Classified,No classification,Not Classified,No aspiration classification
560,Ethylene Glycol Ethyl Ether (EGEE),110-80-5,Not Classified,No harmonised classification,Category 2,Causes eye irritation ,Not Classified,No data,Not Classified,No data,Not Classified,No harmonised classification,Not Classified,No harmonised classification,Category 1B,May damage fertility or the unborn child (H360FD),Not Classified,No data,Category 2,May cause damage to organs through prolonged or repeated exposure (H373),Not Classified,No data
561,Propylene Glycol Propyl Ether (PGPE),1569-01-3,Not Classified,No harmonised classification,Not Classified,No harmonised classification,Not Classified,No data,Not Classified,No data,Not Classified,No data,Not Classified,No data,Not Classified,No data,Not Classified,No data,Not Classified,No data,Not Classified,No data
563,Dipropylene Glycol Methyl Ether (DPM),34590-94-8,Not Classified,No harmonised classification,Not Classified,No harmonised classification,Not Classified,No data,Not Classified,No data,Not Classified,No harmonised classification,Not Classified,No harmonised classification,Not Classified,No harmonised classification,Not Classified,No data,Not Classified,No harmonised classification,Not Classified,No harmonised classification
564,Methyl Carbitol (2-(2-Methoxyethoxy)ethanol),111-77-3,Not Classified,No harmonised classification,Not Classified,No harmonised classification,Not Classified,No data,Not Classified,No data,Not Classified,No harmonised classification,Not Classified,No harmonised classification,Category 2,Suspected of damaging fertility or the unborn child (H361fd),Not Classified,No classification,Category 2,May cause damage to organs through prolonged or repeated exposure (H373),Not Classified,No classification
565,Ethyl Diglycol (2-(2-Ethoxyethoxy)ethanol),111-90-0,Not Classified,No harmonised classification,Not Classified,No harmonised classification,Not Classified,No data,Not Classified,No data,Not Classified,No harmonised classification,Not Classified,No harmonised classification,Not Classified,No harmonised classification,Not Classified,No data,Not Classified,No harmonised classification,Not Classified,No harmonised classification
566,Propyl Carbitol (2-(2-Propoxyethoxy)ethanol),6881-94-3,Not Classified,No harmonised classification,Not Classified,No harmonised classification,Not Classified,No data,Not Classified,No data,Not Classified,No harmonised classification,Not Classified,No harmonised classification,Not Classified,No harmonised classification,Not Classified,No data,Not Classified,No harmonised classification,Not Classified,No harmonised classification
567,Ethyl Diglycol Acetate,111-15-9,Not Classified,No harmonised classification,Not Classified,No harmonised classification,Not Classified,No data,Not Classified,No data,Not Classified,No harmonised classification,Not Classified,No harmonised classification,Not Classified,No harmonised classification,Not Classified,No data,Not Classified,No harmonised classification,Not Classified,No harmonised classification
568,Methyl Cyclohexane,108-87-2,Not Classified,No harmonised classification,Not Classified,No harmonised classification,Not Classified,No data,Not Classified,No data,Not Classified,No harmonised classification,Not Classified,No harmonised classification,Not Classified,No harmonised classification,Category 3,May cause drowsiness or dizziness ,Not Classified,No classification,Category 1,May be fatal if swallowed and enters airways
571,N-Heptane,142-82-5,Category 2,Causes skin irritation,Not Classified,No classification for eyes,Not Classified,No data,Not Classified,No data,Not Classified,No mutagenicity classification,Not Classified,Not classified,Not Classified,No data,Category 3,May cause drowsiness or dizziness ,Not Classified,No classification,Category 1,May be fatal if swallowed and enters airways
610,Texanol,25265-77-4,Not Classified,No harmonised classification,Category 2,Eye irritation ,Not Classified,No data,Not Classified,No data,Not Classified,No harmonised classification,Not Classified,No harmonised classification,Not Classified,No harmonised classification,Not Classified,No classification,Not Classified,No classification,Not Classified,No data
718,DPNB (Dipropylene Glycol n-Butyl Ether),29911-28-2,Not Classified,No harmonised classification,Not Classified,No harmonised classification,Not Classified,No data,Not Classified,No data,Not Classified,No harmonised classification,Not Classified,No harmonised classification,Not Classified,No harmonised classification,Not Classified,No classification,Not Classified,No classification,Not Classified,No data
AD160,BYK-342,34590-94-8/556-67-2,Category 2,Causes skin irritation,Category 2,Causes serioys eye irritation,Not Classified,No data,Not Classified,No data,Not Classified,No harmonised classification,Not Classified,No harmonised classification,Not Classified,No harmonised classification,Category 3,May cause drowsiness or dizziness ,Category 2,May cause damage to organs through prolonged or repeated exposure (H373),Category 1,May be fatal if swallowed and enters airways
AD385,DISPARLON 1933,108-10-1/1330-20-7/100-41-4,Category 2,Causes skin irritation,Category 2,Causes serioys eye irritation,Not Classified,No data,Not Classified,No data,Not Classified,No harmonised classification,Not Classified,No harmonised classification,Not Classified,No harmonised classification,Category 3,May cause drowsiness or dizziness ,Category 2,May cause damage to organs through prolonged or repeated exposure (H373),Category 1,May be fatal if swallowed and enters airways
RN2760,SETALUX 1152 S5-51,1330-20-7/128601-23-0,Category 2,Causes skin irritation,Not Classified,Causes serioys eye irritation,Not Classified,May cause respiratory irritation,Not Classified,No data,Not Classified,No harmonised classification,Not Classified,No harmonised classification,Not Classified,No harmonised classification,Category 3,May cause drowsiness or dizziness ,Category 2,May cause damage to organs through prolonged or repeated exposure (H373),Not Classified,No classification
RN1777,ACRYDIC WXU-880,108-10-1/108-88-3,Category 2,Causes skin irritation,Category 2,Eye irritation ,Not Classified,No data,Not Classified,No data,Not Classified,No harmonised classification,Category 2,Suspected of causing cancer ,Category 2,Suspected reproductive toxicant,Category 3,May cause drowsiness or dizziness ,Category 2,May cause damage to organs through prolonged or repeated exposure (H373),Not Classified,No classification
