Internal Code,No.,Chemical Name,Cas No.,Dermal LD₅₀ (rabbit) mg/kg,"Inhalation LC₅₀ (rat, 4h) mg/L",Oral LD₅₀ (rat) mg/kg
501,1,Toluene,108-88-3,12660,47.3,5580
502,2,Xylene,1330-20-7,12126,27.1,3523
503,3,Butyl Acetate,123-86-4,13000,1.3,10000
504,4,Ethylene Glycol Monoethyl Ether Acetate,111-15-9,2000,6.5,1800
505,5,Ethyl Acetate,141-78-6,5000,0.6,5620
506,6,Propylene Glycol Monomethyl Ether Acetate,108-65-6,2000,10.3,4400
507,7,Iso Butyl Acetate,110-19-0,5000,4.7,13200
508,8,Methyl Ethyl Ketone (MEK),78-93-3,5000,23,2940
509,9,Methyl Isobutyl Ketone,108-10-1,7900,8.2,1740
510,10,Ethyl 3-Ethoxypropionate,763-69-9,5000,6.1,4550
511,11,Ethylene Glycol Butyl Ether Acetate,112-07-2,1500,5.7,2700
512,12,Diacetone Alcohol,123-42-2,2000,20,5400
513,13,n-Butanol,71-36-3,3400,15,2740
514,14,B-Carbitol,112-34-5,2000,5.6,2000
515,15,Butyl Cellosolve,111-76-2,2000,5.6,2000
516,16,Acetone,67-64-1,20000,76,5800
517,17,Isopropyl Alcohol (IPA),67-63-0,12800,140,5045
518,18,Propylene Glycol Monomethyl Ether (PM),107-98-2,20000,5.6,4200
519,19,"ABS (Acrylonitrile Butadiene Styrene), 95%",Mixture,,,
520,20,Isobutanol,78-83-1,2000,20,2040
521,21,Pegasol 150,Mixture,,,
522,22,Methanol,67-56-1,15800,177,5628
523,23,Dimethylformamide (DMF),68-12-2,4300,5.37,2840
524,24,BGA (Ball Grid Array Flux Component),Mixture,,,
525,25,IBIB (Isobutyl Isobutyrate),97-85-8,2000,5,4000
526,26,Pegasol 3040,Mixture,,,
527,27,Methylene Chloride (MC),75-09-2,2000,13,1550
528,28,Hexane,110-54-3,2000,46,25000
529,29,Ethylene Glycol Monoethyl Ether (EGME),110-80-5,2000,6.5,1800
530,30,P-100 (Paraffinic solvent),Mixture,,,
531,31,Trichloroethylene (TCE),79-01-6,5000,58,4000
532,32,P-1425 (Paraffinic solvent),Mixture,,,
533,33,"ABS (Acrylonitrile Butadiene Styrene), 99.8%",Mixture,,,
534,34,Cyclohexanone,108-94-1,2000,6.8,1640
535,35,Isophorone,78-59-1,2000,12.5,1770
536,36,Light Alcohol,Mixture,,,
537,37,N-Propanol,71-23-8,5000,101,1980
538,38,R-102 (Aliphatic Hydrocarbon),Mixture,,,
539,39,Heavy Alcohol,Mixture,,,
540,40,Mallin 99.8%,Mixture,,,
541,41,N-Methyl-2-pyrrolidone (NMP),872-50-4,5000,5.1,3600
542,42,Texanol,25265-77-4,2000,5,2000
543,43,Propylene Glycol,57-55-6,20000,50,20000
544,44,SHIPSHAPE (Cleaning Agent),Mixture,,,
545,45,DIBK (Diisobutyl Ketone),108-83-8,5000,7.1,3250
546,46,Heptane (n-Heptane),142-82-5,2000,103,25000
547,47,EXXOL D60S,Mixture,,,
548,48,Ethylene Glycol,107-21-1,10000,50,4700
550,49,Diethyl Ether,60-29-7,2000,67,1430
551,50,Methylene Chloride,75-09-2,2000,13,1550
552,51,Isopropyl Acetate,108-21-4,2000,20,5000
556,52,Benzyl Alcohol,100-51-6,2000,1.4,1230
557,53,DSP 80/100 (Hydrocarbon Solvent),Mixture,,,
558,54,2-Hydroxy Isobutyric Acid Methyl Ester (Methyl 2-hydroxyisobutyrate),5655-61-8,2000,-,2000
559,55,Ethyl Lactate,97-64-3,5000,10,3310
560,56,Ethylene Glycol Ethyl Ether (EGEE),110-80-5,2000,6.5,1800
561,57,Propylene Glycol Propyl Ether (PGPE),1569-01-3,2000,5,2000
563,58,Dipropylene Glycol Methyl Ether (DPM),34590-94-8,2000,5,2000
564,59,Methyl Carbitol (2-(2-Methoxyethoxy)ethanol),111-77-3,2000,5,2000
565,60,Ethyl Diglycol (2-(2-Ethoxyethoxy)ethanol),111-90-0,2000,5,2000
566,61,Propyl Carbitol (2-(2-Propoxyethoxy)ethanol),6881-94-3,2000,-,2000
567,62,Ethyl Diglycol Acetate,111-15-9,2000,6.5,1800
568,63,Methyl Cyclohexane,108-87-2,5000,24,5000
571,64,N-Heptane,142-82-5,2000,103,25000
610,65,Texanol,25265-77-4,2000,5,2000
717,66,"DBE (Dibasic Esters - Dimethyl adipate, glutarate, succinate)",1119-40-0 / 106-65-0 / 627-93-0,,,
718,67,DPNB (Dipropylene Glycol n-Butyl Ether),29911-28-2,2000,5,2000
AD160,68,BYK-342,34590-94-8/556-67-2,3808,2.06,2057
AD385,69,DISPARLON 1933,108-10-1/1330-20-7/100-41-4,8451,19.33,2978
RN2760,70,SETALUX 1152 S5-51,1330-20-7/128601-23-0,3171.34,9.48,2587
RN1777,71,ACRYDIC WXU-880,108-10-1/108-88-3,8200,11.6,4940
